Name,Gradyear
Yagiz Aksoy,2011
Brad Bart,1996
Angel Chang,2015
SHEELAGH CARPENDALE,1992
LEONID CHINDELEVITCH,2006
Diana Cukierman,1989
James P. Delgrande,1977
Toby Donaldson,1998
John Edgar,1984
Martin Ester,1984
Brian Fraser,2002
Yasutaka Furukawa,2001
Uwe Gl√§sser,1987
Mohamed Hefeeda,1994
Harinder Singh Khangura,1997
Anne Lavergne,1991
Maxwell Libbrecht,2011
Jiangchuan (JC) Liu,1999
David Mitchell,1989
Jian Pei,1991
Fred Popowich,1982
Arrvindh Shriraman,2004
William (Nick) Sumner,2005
Manolis Savva,2009
IGOR SHINKAR,2014
Ping Tan,2000
Eugenia Ternovska,2002
Keval Vora,2017
Ke Wang,1984
Tianzheng Wang,2017
Kay C. Wiese,1991
KangKang Yin,1997
Saba Alimadadi,2017
Greg Baker,1998
Andrei Bulatov,1991
Bobby Chan,2005
Binay Bhattacharya,1982
Ouldooz Baghban Karimi,
Robert D. Cameron,1977
Mo Chen,2011
Parmit Chilana,2005
Ryan C.N. D'Arcy,1996
Mark S. Drew,1970
Brian Funt,1971
Qianping Gu,1982
Ghassan Hamarneh,1995
Eugene Fiume,1981
Pavol Hell,1968
Valentine Kabanets,1993
Ramesh Krishnamurti,1987
Ze-Nian Li,1986
Angelica Lim,2008
Hang Ma,2008
Greg Mori,1999
Steven Pearce,1981
Joseph G. Peters,1974
Janice Regan,1979
Anoop Sarkar,1991
Thomas C. Shermer,1984
Oliver Schulte,1992
Richard Vaughan,1993
Jiannan Wang,2008
Cynthia Xie,
Richard (Hao) Zhang,1995
